Fold,Model,Category,Macro-Track Top-1 Acc (%),Macro-Track Macro-F1,Granular Top-1 Acc (%),Granular Top-3 Acc (%),Granular Macro-F1
1,Majority Class (reference),0: Reference,43.57631896898913,0.1517531556802244,,,
1,Logistic Regression,A: Traditional ML,43.73741441804269,0.30698340295104964,,,
1,Random Forest,A: Traditional ML,43.09303262182843,0.27815635464990135,,,
1,HistGradientBoosting,A: Traditional ML,40.79742247281514,0.28127322232454227,,,
1,Static MLP Only,B: Single-Branch Deep,43.77768828030608,0.21057473489139988,,,
1,Standalone LSTM,B: Single-Branch Deep,43.37494965767217,0.1772901455129201,,,
1,Hybrid 1: MLP + CNN + LSTM,C: Hybrid Baseline,44.98590414820781,0.28256142276105467,,,
1,Hybrid 2: MLP + BiLSTM,C: Hybrid Baseline,44.26097462746677,0.28784370634626194,,,
1,Hybrid 3: MLP + GRU,C: Hybrid Baseline,44.1401530406766,0.2869268802438847,,,
1,Hybrid 4: MLP + Transformer,C: Hybrid Baseline,44.422070076520335,0.29494931700217997,,,
1,Proposed: MLP + Causal TCN + LSTM,D: Proposed,44.663713250100685,0.284934881808608,,,
2,Majority Class (reference),0: Reference,43.593875906526996,0.15179573512906847,,,
2,Logistic Regression,A: Traditional ML,44.96373892022562,0.3021717771207673,,,
2,Random Forest,A: Traditional ML,44.399677679290896,0.2855401241199321,,,
2,HistGradientBoosting,A: Traditional ML,44.278807413376306,0.30881676637837924,,,
2,Static MLP Only,B: Single-Branch Deep,43.47300564061241,0.16239355857974927,,,
2,Standalone LSTM,B: Single-Branch Deep,43.593875906526996,0.1676959838250161,,,
2,Hybrid 1: MLP + CNN + LSTM,C: Hybrid Baseline,46.25302175664787,0.25206042244791815,,,
2,Hybrid 2: MLP + BiLSTM,C: Hybrid Baseline,45.85012087026591,0.24937148798617714,,,
2,Hybrid 3: MLP + GRU,C: Hybrid Baseline,45.93070104754231,0.24419627708017372,,,
2,Hybrid 4: MLP + Transformer,C: Hybrid Baseline,43.79532634971797,0.18355785831796875,,,
2,Proposed: MLP + Causal TCN + LSTM,D: Proposed,45.608380338436746,0.23179544677873426,,,
3,Majority Class (reference),0: Reference,43.5535858178888,0.15169800729722144,,,
3,Logistic Regression,A: Traditional ML,45.688960515713134,0.31839125585983563,,,
3,Random Forest,A: Traditional ML,43.674456083803385,0.2864840238388683,,,
3,HistGradientBoosting,A: Traditional ML,42.34488315874295,0.2977418274882775,,,
3,Static MLP Only,B: Single-Branch Deep,43.190975020145046,0.2173452304648972,,,
3,Standalone LSTM,B: Single-Branch Deep,43.5535858178888,0.15169800729722144,,,
3,Hybrid 1: MLP + CNN + LSTM,C: Hybrid Baseline,44.56083803384367,0.2637929308707442,,,
3,Hybrid 2: MLP + BiLSTM,C: Hybrid Baseline,45.64867042707494,0.2571210665087719,,,
3,Hybrid 3: MLP + GRU,C: Hybrid Baseline,46.05157131345689,0.2807927558375129,,,
3,Hybrid 4: MLP + Transformer,C: Hybrid Baseline,45.688960515713134,0.2660148596136742,,,
3,Proposed: MLP + Causal TCN + LSTM,D: Proposed,46.17244157937147,0.26034944411178496,,,
4,Majority Class (reference),0: Reference,43.5535858178888,0.15169800729722144,,,
4,Logistic Regression,A: Traditional ML,45.80983078162772,0.31489518990457077,,,
4,Random Forest,A: Traditional ML,45.32634971796938,0.30603864478779064,,,
4,HistGradientBoosting,A: Traditional ML,42.98952457695407,0.31203099955465907,,,
4,Static MLP Only,B: Single-Branch Deep,43.83561643835616,0.1650773074089738,,,
4,Standalone LSTM,B: Single-Branch Deep,43.996776792908946,0.18430081579016155,,,
4,Hybrid 1: MLP + CNN + LSTM,C: Hybrid Baseline,45.76954069298952,0.25530939229848537,,,
4,Hybrid 2: MLP + BiLSTM,C: Hybrid Baseline,45.32634971796938,0.2556997900051365,,,
4,Hybrid 3: MLP + GRU,C: Hybrid Baseline,45.89041095890411,0.2517072940103309,,,
4,Hybrid 4: MLP + Transformer,C: Hybrid Baseline,44.72199838839646,0.20412864953283974,,,
4,Proposed: MLP + Causal TCN + LSTM,D: Proposed,45.85012087026591,0.2535513177829218,,,
5,Majority Class (reference),0: Reference,43.5535858178888,0.15169800729722144,,,
5,Logistic Regression,A: Traditional ML,45.85012087026591,0.31224301299625506,,,
5,Random Forest,A: Traditional ML,44.92344883158743,0.29727328385937096,,,
5,HistGradientBoosting,A: Traditional ML,44.76228847703465,0.3319313809787714,,,
5,Static MLP Only,B: Single-Branch Deep,44.52054794520548,0.2536978236280136,,,
5,Standalone LSTM,B: Single-Branch Deep,43.63416599516519,0.15752438829361906,,,
5,Hybrid 1: MLP + CNN + LSTM,C: Hybrid Baseline,46.13215149073328,0.2994349822390414,,,
5,Hybrid 2: MLP + BiLSTM,C: Hybrid Baseline,45.89041095890411,0.2878127066757778,,,
5,Hybrid 3: MLP + GRU,C: Hybrid Baseline,46.011281224818696,0.2995373756165634,,,
5,Hybrid 4: MLP + Transformer,C: Hybrid Baseline,46.33360193392426,0.275706786494882,,,
5,Proposed: MLP + Causal TCN + LSTM,D: Proposed,45.56809024979855,0.27485666398742364,,,
