,AERONAUTICAL ENGINEERING,AUTOMATION ENGINEERING,CATASTRAL ENGINEERING AND GEODESY,CHEMICAL ENGINEERING,CIVIL CONSTRUCTIONS,CIVIL ENGINEERING,CONTROL ENGINEERING,ELECTRIC ENGINEERING,ELECTRIC ENGINEERING AND TELECOMMUNICATIONS,ELECTROMECHANICAL ENGINEERING,ELECTRONIC ENGINEERING,INDUSTRIAL AUTOMATIC ENGINEERING,INDUSTRIAL CONTROL AND AUTOMATION ENGINEERING,INDUSTRIAL ENGINEERING,MECHANICAL ENGINEERING,MECHATRONICS ENGINEERING,PRODUCTION ENGINEERING,PRODUCTIVITY AND QUALITY ENGINEERING,TEXTILE ENGINEERING,TOPOGRAPHIC ENGINEERY,TRANSPORTATION AND ROAD ENGINEERING
AERONAUTICAL ENGINEERING,2,0,0,1,0,12,0,1,0,0,7,0,0,13,7,1,0,0,0,0,0
AUTOMATION ENGINEERING,0,0,0,0,0,3,0,0,0,0,3,0,0,2,2,0,0,0,0,0,0
CATASTRAL ENGINEERING AND GEODESY,0,0,3,22,0,7,0,2,0,0,14,1,0,21,6,0,0,1,0,1,0
CHEMICAL ENGINEERING,3,2,25,201,1,136,1,36,1,0,141,0,0,310,127,5,7,1,0,2,1
CIVIL CONSTRUCTIONS,0,0,0,0,0,4,0,0,0,0,1,0,0,8,1,0,0,0,0,0,0
CIVIL ENGINEERING,14,3,24,250,3,721,6,106,8,7,450,5,0,1232,427,37,7,3,0,4,13
CONTROL ENGINEERING,1,0,0,2,0,2,0,3,0,0,4,0,0,4,3,0,0,0,0,0,1
ELECTRIC ENGINEERING,0,1,3,15,0,46,0,23,2,0,74,0,0,63,40,2,2,1,1,2,3
ELECTRIC ENGINEERING AND TELECOMMUNICATIONS,0,0,1,3,0,12,0,1,1,0,9,0,0,12,5,2,0,0,0,1,0
ELECTROMECHANICAL ENGINEERING,0,0,0,1,0,10,0,1,0,0,5,0,0,9,8,0,0,0,0,0,0
ELECTRONIC ENGINEERING,1,1,7,67,1,161,3,45,1,1,188,1,0,221,138,7,0,0,0,3,3
INDUSTRIAL AUTOMATIC ENGINEERING,0,0,0,1,0,4,1,1,0,0,3,0,0,9,3,0,0,0,0,0,0
INDUSTRIAL CONTROL AND AUTOMATION ENGINEERING,0,0,0,0,0,0,0,0,0,0,0,0,0,1,0,0,0,0,0,0,0
INDUSTRIAL ENGINEERING,14,4,50,460,3,868,5,100,17,5,575,8,0,2569,535,47,22,11,1,13,11
MECHANICAL ENGINEERING,4,1,4,65,1,206,5,47,2,3,219,1,0,308,247,11,3,2,0,5,1
MECHATRONICS ENGINEERING,0,1,0,0,0,27,0,2,1,0,11,0,0,21,12,6,0,0,0,1,0
PRODUCTION ENGINEERING,0,0,1,8,0,5,0,1,0,0,9,1,0,26,8,0,0,0,0,1,0
PRODUCTIVITY AND QUALITY ENGINEERING,0,0,2,3,1,2,0,1,0,0,3,0,0,15,0,1,0,0,0,1,0
TEXTILE ENGINEERING,0,0,0,0,0,0,0,0,0,0,0,0,0,1,0,0,0,0,0,0,0
TOPOGRAPHIC ENGINEERY,0,0,0,7,0,2,0,4,0,0,9,0,0,13,5,0,1,0,0,1,0
TRANSPORTATION AND ROAD ENGINEERING,0,0,0,2,0,8,1,2,0,0,8,0,0,4,1,0,0,0,0,1,0
