target,setting,model,rule,F1::Chemical & Process,F1::Civil & Infrastructure,F1::Industrial & Management,"F1::Mechanical, Electrical & Tech",F1::AERONAUTICAL ENGINEERING,F1::AUTOMATION ENGINEERING,F1::CATASTRAL ENGINEERING AND GEODESY,F1::CHEMICAL ENGINEERING,F1::CIVIL CONSTRUCTIONS,F1::CIVIL ENGINEERING,F1::CONTROL ENGINEERING,F1::ELECTRIC ENGINEERING,F1::ELECTRIC ENGINEERING AND TELECOMMUNICATIONS,F1::ELECTROMECHANICAL ENGINEERING,F1::ELECTRONIC ENGINEERING,F1::INDUSTRIAL AUTOMATIC ENGINEERING,F1::INDUSTRIAL CONTROL AND AUTOMATION ENGINEERING,F1::INDUSTRIAL ENGINEERING,F1::MECHANICAL ENGINEERING,F1::MECHATRONICS ENGINEERING,F1::PRODUCTION ENGINEERING,F1::PRODUCTIVITY AND QUALITY ENGINEERING,F1::TEXTILE ENGINEERING,F1::TOPOGRAPHIC ENGINEERY,F1::TRANSPORTATION AND ROAD ENGINEERING
ACADEMIC_PROGRAM,A_original_features,Ensemble,argmax,,,,,0.0,0.0,0.042,0.23441957734355814,0.0,0.29718570506473097,0.0,0.08306243283351773,0.03333333333333333,0.0,0.15524245503870077,0.0,0.0,0.46778884664316706,0.2010279725815578,0.021052631578947368,0.0,0.0,0.0,0.0,0.0
ACADEMIC_PROGRAM,A_original_features,Ensemble,macroF1-tuned,,,,,0.017391304347826087,0.0,0.015939730372720062,0.1989600153903975,0.0,0.26807145385049863,0.014285714285714285,0.061219575034345455,0.01343101343101343,0.0,0.13828025318376902,0.00975609756097561,0.0,0.4502536655857196,0.16856481594047676,0.029512516469038207,0.0165,0.005405405405405406,0.0,0.015384615384615385,0.021034850640113796
ACADEMIC_PROGRAM,A_original_features,HGB,argmax,,,,,0.0,0.0,0.019047619047619046,0.22868847166139314,0.0,0.29909998060938003,0.0,0.07743758991283743,0.03636363636363636,0.0,0.1503761536489935,0.0,0.0,0.4657289412126232,0.19705060454877985,0.0,0.0,0.0,0.0,0.0,0.0
ACADEMIC_PROGRAM,A_original_features,HGB,macroF1-tuned,,,,,0.05741626794258373,0.0,0.03081232492997199,0.1850484310716705,0.0,0.25274509357614783,0.0,0.06653109468449295,0.026666666666666665,0.0,0.13055623665145194,0.0,0.0,0.5015421389087512,0.18223521406370166,0.04333379868770069,0.0,0.0,0.0,0.017391304347826087,0.0
ACADEMIC_PROGRAM,A_original_features,Hybrid,argmax,,,,,0.004456824512534819,0.0,0.042047141261989496,0.1126834820695504,0.0,0.005224189706948328,0.0,0.09200582146405589,0.015291194738765071,0.0,0.014981884888786975,0.0,0.0,0.20316725691702492,0.12987190496859546,0.02477076711876986,0.022333088974570415,0.014285714285714285,0.0,0.0,0.04210691005893597
ACADEMIC_PROGRAM,A_original_features,Hybrid,macroF1-tuned,,,,,0.005714285714285714,0.0,0.04163011893804032,0.20608644060005776,0.0,0.17987335405581514,0.0,0.07551443638643937,0.00783071801662282,0.0023809523809523807,0.06605654552977322,0.006349206349206349,0.0,0.4040025614120618,0.20008044160116495,0.046941948172261994,0.004790419161676647,0.019906333630686886,0.0,0.0,0.033121765148411836
ACADEMIC_PROGRAM,B_all_pre_enrolment,Ensemble,argmax,,,,,0.0,0.0,0.0375,0.23837074649660508,0.08,0.34263679505809697,0.0,0.07399894857050784,0.02857142857142857,0.0,0.14031339302967788,0.0,0.0,0.4944355161188533,0.21516841561970743,0.0,0.0,0.0,0.0,0.0,0.23095238095238094
ACADEMIC_PROGRAM,B_all_pre_enrolment,Ensemble,macroF1-tuned,,,,,0.0,0.0,0.08168326589895217,0.17801409686394906,0.02,0.3019872229019902,0.03333333333333333,0.06953102046467549,0.025112403935933347,0.019047619047619046,0.1428741376618305,0.0,0.0,0.44001618100186046,0.20124864030257522,0.03888798920377868,0.02357637233227853,0.03434022257551669,0.0,0.014589371980676327,0.17155768208399785
ACADEMIC_PROGRAM,B_all_pre_enrolment,HGB,argmax,,,,,0.0,0.0,0.016,0.2290899797999424,0.0,0.34306147495285777,0.0,0.07403813415049369,0.03076923076923077,0.0,0.13991883872947086,0.0,0.0,0.4955966410266844,0.2150023169035097,0.0,0.0,0.0,0.0,0.0,0.14666666666666667
ACADEMIC_PROGRAM,B_all_pre_enrolment,HGB,macroF1-tuned,,,,,0.03333333333333333,0.0,0.026515151515151512,0.1824618792003522,0.05714285714285714,0.3577526839326963,0.0,0.08234642925169515,0.03636363636363636,0.0,0.132042608423594,0.0,0.0,0.492744491873335,0.2008069968215934,0.00909090909090909,0.0,0.0,0.0,0.025,0.10666666666666666
ACADEMIC_PROGRAM,B_all_pre_enrolment,Hybrid,argmax,,,,,0.008824093724829004,0.0,0.055437095135520545,0.1218441058842491,0.1,0.002391629297458894,0.0,0.08620795561705129,0.019401541402974353,0.0,0.012669683257918552,0.0,0.0,0.08602863686312219,0.10039201633936132,0.022383008987386092,0.017324747283139815,0.0,0.0,0.00694543859244037,0.045014811731282876
ACADEMIC_PROGRAM,B_all_pre_enrolment,Hybrid,macroF1-tuned,,,,,0.0127420998980632,0.0,0.03987692452094131,0.1869937311383043,0.014285714285714285,0.2262853642922189,0.0,0.07087989027659976,0.009110876823053945,0.013793103448275862,0.05832106245610125,0.007121123151657502,0.0,0.29305828267369766,0.18487052452633512,0.013301435406698564,0.03366013071895425,0.012903225806451613,0.0,0.010175438596491228,0.18880952380952382
ACADEMIC_PROGRAM,C_plus_UNIVERSITY_enrolment_time,Ensemble,argmax,,,,,0.6149480249480249,0.2828571428571428,0.44160705682327617,0.5990841040945541,0.9428571428571428,0.603480344533649,0.04444444444444444,0.20846424604474167,0.2070118088405942,0.17302608118665655,0.38464648154755815,0.9777777777777779,0.0,0.6467034802380668,0.368299219363468,0.7608343695381461,0.2658986175115207,0.9664335664335665,0.0,0.2905738705738706,0.5916416916416917
ACADEMIC_PROGRAM,C_plus_UNIVERSITY_enrolment_time,Ensemble,macroF1-tuned,,,,,0.6160709660709661,0.1657142857142857,0.324811349837861,0.5706102429232919,0.8380952380952381,0.6232347460021204,0.14244444444444443,0.2071465018085314,0.169509813681398,0.1722077922077922,0.38929284884195475,0.9195959595959596,0.0,0.5725832379508233,0.3540852914822644,0.7637226470120863,0.18326765188834154,0.9118881118881118,0.0,0.23241160372194852,0.6760683760683761
ACADEMIC_PROGRAM,C_plus_UNIVERSITY_enrolment_time,HGB,argmax,,,,,0.5575055821371611,0.3466666666666667,0.43530383324500976,0.6016624771762025,0.3742857142857143,0.6112337780849874,0.10714285714285714,0.1747990998936042,0.1324162679425837,0.17622377622377622,0.370215032853326,0.5571428571428572,0.0,0.6615609079725031,0.37675268064038303,0.8060011714500879,0.2243700159489633,0.6124592074592075,0.0,0.27854700854700853,0.6511111111111111
ACADEMIC_PROGRAM,C_plus_UNIVERSITY_enrolment_time,HGB,macroF1-tuned,,,,,0.6068948054881559,0.3022222222222222,0.38472327240263904,0.5479645575762631,0.3476190476190476,0.6135041776937046,0.05,0.18357564832790113,0.20717241379310342,0.11157731157731159,0.37848213342986864,0.5692640692640693,0.0,0.6576079558822381,0.34827776401403715,0.7711539137052865,0.23312890812890813,0.6181734931734931,0.0,0.25630036630036634,0.6244227994227994
ACADEMIC_PROGRAM,C_plus_UNIVERSITY_enrolment_time,Hybrid,argmax,,,,,0.5995385956676279,0.1686305680896621,0.3796060943887031,0.5687303008583884,0.8761904761904761,0.5749958496335948,0.10556902484101675,0.21248079437419146,0.13628446434687655,0.1555957585808332,0.38351655622862707,0.9121212121212121,0.0,0.4879616458715005,0.3069488245674668,0.3697032409547966,0.26084427703688623,0.9538461538461538,0.0,0.06533333333333333,0.5235838779956427
ACADEMIC_PROGRAM,C_plus_UNIVERSITY_enrolment_time,Hybrid,macroF1-tuned,,,,,0.5959095634095635,0.3761904761904762,0.37178696011795587,0.5763175257161295,0.9047619047619048,0.5997958258717881,0.04085043718361712,0.2021513131372009,0.18227487743056836,0.13218855124809933,0.40816829065775045,0.9121212121212121,0.0,0.5682088989602028,0.3165964354561334,0.7252410479116275,0.2418521829048145,0.9692307692307693,0.0,0.11703590527119938,0.5362650374159326
MACRO_TRACK,A_original_features,Ensemble,argmax,0.24493516510356014,0.2690027729769656,0.4698226692754086,0.3956779468353764,,,,,,,,,,,,,,,,,,,,,
MACRO_TRACK,A_original_features,Ensemble,macroF1-tuned,0.23642651498070108,0.3112949659425182,0.5181217637386641,0.4013195417040973,,,,,,,,,,,,,,,,,,,,,
MACRO_TRACK,A_original_features,HGB,argmax,0.23056035093793364,0.30020291664325305,0.4766025770851902,0.38142918266473097,,,,,,,,,,,,,,,,,,,,,
MACRO_TRACK,A_original_features,HGB,macroF1-tuned,0.19946834321468374,0.30487340504708005,0.5195726322778064,0.37308626988556093,,,,,,,,,,,,,,,,,,,,,
MACRO_TRACK,A_original_features,Hybrid,argmax,0.23715809666991888,0.22667828274483495,0.42692135820180377,0.380909944757312,,,,,,,,,,,,,,,,,,,,,
MACRO_TRACK,A_original_features,Hybrid,macroF1-tuned,0.2090969942528867,0.33566844450374556,0.5259325347435506,0.38154523232248405,,,,,,,,,,,,,,,,,,,,,
MACRO_TRACK,B_all_pre_enrolment,Ensemble,argmax,0.2589477716959051,0.3114869882121367,0.4868930625039212,0.39448012584092906,,,,,,,,,,,,,,,,,,,,,
MACRO_TRACK,B_all_pre_enrolment,Ensemble,macroF1-tuned,0.2487635884372119,0.3520066295401783,0.5205189695538828,0.37302463628529836,,,,,,,,,,,,,,,,,,,,,
MACRO_TRACK,B_all_pre_enrolment,HGB,argmax,0.23913035675675606,0.3396042956191112,0.5064283322936405,0.372673502247423,,,,,,,,,,,,,,,,,,,,,
MACRO_TRACK,B_all_pre_enrolment,HGB,macroF1-tuned,0.22971016441027386,0.3530243589358833,0.5002033906695045,0.3698071231675214,,,,,,,,,,,,,,,,,,,,,
MACRO_TRACK,B_all_pre_enrolment,Hybrid,argmax,0.24747656064240475,0.2457551480131049,0.42066268761592623,0.4025507258016813,,,,,,,,,,,,,,,,,,,,,
MACRO_TRACK,B_all_pre_enrolment,Hybrid,macroF1-tuned,0.23470541517346583,0.33280026324747214,0.5440482992397015,0.3741636385696115,,,,,,,,,,,,,,,,,,,,,
MACRO_TRACK,C_plus_UNIVERSITY_enrolment_time,Ensemble,argmax,0.5890058691900305,0.6288347245419603,0.6530822317147253,0.5564324257733346,,,,,,,,,,,,,,,,,,,,,
MACRO_TRACK,C_plus_UNIVERSITY_enrolment_time,Ensemble,macroF1-tuned,0.5921999988818241,0.6127154896003042,0.685751521007621,0.5557271448239496,,,,,,,,,,,,,,,,,,,,,
MACRO_TRACK,C_plus_UNIVERSITY_enrolment_time,HGB,argmax,0.6003473481170981,0.6184191467700242,0.6581148657543059,0.5475851988302968,,,,,,,,,,,,,,,,,,,,,
MACRO_TRACK,C_plus_UNIVERSITY_enrolment_time,HGB,macroF1-tuned,0.5850286383023605,0.6134701816624132,0.6733909560009087,0.5448502699335107,,,,,,,,,,,,,,,,,,,,,
MACRO_TRACK,C_plus_UNIVERSITY_enrolment_time,Hybrid,argmax,0.5687254232490959,0.622173779213884,0.6321430034730093,0.5515188872659815,,,,,,,,,,,,,,,,,,,,,
MACRO_TRACK,C_plus_UNIVERSITY_enrolment_time,Hybrid,macroF1-tuned,0.6086824664586734,0.6220367523068416,0.6830099748107405,0.5189956540249387,,,,,,,,,,,,,,,,,,,,,
