target,setting,model,rule,accuracy_mean,accuracy_std,macro_f1_mean,macro_f1_std,top2_acc_mean,top2_acc_std,top3_acc_mean,top3_acc_std
ACADEMIC_PROGRAM,A_original_features,Ensemble,argmax,0.30416534286492225,0.02283057882289691,0.07578403461324491,0.005659584004666094,0.41213427779488754,0.022611704431836785,0.4411411295439123,0.02087265447450002
ACADEMIC_PROGRAM,A_original_features,Ensemble,macroF1-tuned,0.2631526288512084,0.038261435091647526,0.07395714125354791,0.005344527761474553,0.41213427779488754,0.022611704431836785,0.4411411295439123,0.02087265447450002
ACADEMIC_PROGRAM,A_original_features,HGB,argmax,0.31592939969228306,0.02242024344001855,0.07598756225139841,0.004759462279380039,0.575940569928698,0.015934188335104287,0.744098159182684,0.010184428143414444
ACADEMIC_PROGRAM,A_original_features,HGB,macroF1-tuned,0.31923399827935517,0.03775952469032198,0.07700736562217668,0.0056892778193944294,0.575940569928698,0.015934188335104287,0.744098159182684,0.010184428143414444
ACADEMIC_PROGRAM,A_original_features,Hybrid,argmax,0.00016112790180317213,0.00022063347361118909,3.3753158604435073e-05,4.6425663341373506e-05,0.00016112790180317213,0.00022063347361118909,0.0030617222090067414,0.0014964484377047904
ACADEMIC_PROGRAM,A_original_features,Hybrid,macroF1-tuned,0.0037868464462454273,0.001814869777392907,0.008916050000339518,0.00590245623807105,0.00016112790180317213,0.00022063347361118909,0.0030617222090067414,0.0014964484377047904
ACADEMIC_PROGRAM,B_all_pre_enrolment,Ensemble,argmax,0.3316397757774624,0.015318319256401251,0.09347381566740812,0.014451889170857444,0.42760096618326127,0.03001203922395126,0.45886334893553354,0.031812487472488604
ACADEMIC_PROGRAM,B_all_pre_enrolment,Ensemble,macroF1-tuned,0.31117649979570994,0.03989852598830107,0.08849847867236693,0.00582140736947596,0.42760096618326127,0.03001203922395126,0.45886334893553354,0.031812487472488604
ACADEMIC_PROGRAM,B_all_pre_enrolment,HGB,argmax,0.3462238142820008,0.012705556215109855,0.08711818524568622,0.011164608829682631,0.6047043505831596,0.01020806837632049,0.769719507639864,0.009097293597955537
ACADEMIC_PROGRAM,B_all_pre_enrolment,HGB,macroF1-tuned,0.34912564179368943,0.028318094182395653,0.08983576515844083,0.012008701623031935,0.6047043505831596,0.01020806837632049,0.769719507639864,0.009097293597955537
ACADEMIC_PROGRAM,B_all_pre_enrolment,Hybrid,argmax,0.0005640287881851222,0.00045939192638645346,0.018558897243107768,0.014844097614869906,0.0007251566899882944,0.00033707170275060075,0.004189617521628946,0.0015488075914856306
ACADEMIC_PROGRAM,B_all_pre_enrolment,Hybrid,macroF1-tuned,0.005639801090607103,0.0027309620608827754,0.020409100534680306,0.007172085660737678,0.0007251566899882944,0.00033707170275060075,0.004189617521628946,0.0015488075914856306
ACADEMIC_PROGRAM,C_plus_UNIVERSITY_enrolment_time,Ensemble,argmax,0.5654671914059927,0.0100471969762919,0.46886660471081204,0.02393366408218146,0.6679557331514248,0.007710589365262693,0.6847153715369265,0.005491930143035499
ACADEMIC_PROGRAM,C_plus_UNIVERSITY_enrolment_time,Ensemble,macroF1-tuned,0.5489485146863295,0.01801489881703862,0.45567582523889705,0.013640873304888178,0.6679557331514248,0.007710589365262693,0.6847153715369265,0.005491930143035499
ACADEMIC_PROGRAM,C_plus_UNIVERSITY_enrolment_time,HGB,argmax,0.5709460268585447,0.007188998886679105,0.41571753510398046,0.03894503246843808,0.8157281926447141,0.0016211597595660596,0.9197483094551411,0.0032620833535957354
ACADEMIC_PROGRAM,C_plus_UNIVERSITY_enrolment_time,HGB,macroF1-tuned,0.5671574279638204,0.01578055912005308,0.4031871845564091,0.03273500721406589,0.8157281926447141,0.0016211597595660596,0.9197483094551411,0.0032620833535957354
ACADEMIC_PROGRAM,C_plus_UNIVERSITY_enrolment_time,Hybrid,argmax,0.026992120147867706,0.00080301345543904,0.33069478357802085,0.012697397040450921,0.030376227971479226,0.0010867413004702559,0.17218471585832817,0.019833140994496803
ACADEMIC_PROGRAM,C_plus_UNIVERSITY_enrolment_time,Hybrid,macroF1-tuned,0.22464400144998886,0.14526050008168565,0.4198259468623916,0.029145907300293393,0.030376227971479226,0.0010867413004702559,0.17218471585832817,0.019833140994496803
MACRO_TRACK,A_original_features,Ensemble,argmax,0.3725715526336542,0.019005756339082046,0.34485963854782764,0.016221133573241862,0.6698881321268266,0.016407494764424782,0.8946092088571342,0.003966758981049407
MACRO_TRACK,A_original_features,Ensemble,macroF1-tuned,0.4105222523636149,0.024977051326246044,0.3667906965914952,0.019155640431496607,0.6698881321268266,0.016407494764424782,0.8946092088571342,0.003966758981049407
MACRO_TRACK,A_original_features,HGB,argmax,0.3790983847292938,0.015105652119355939,0.34719875683277696,0.014032210140706266,0.6814914180326299,0.014924275260950018,0.9026668696045276,0.004950508800707487
MACRO_TRACK,A_original_features,HGB,macroF1-tuned,0.40608956374742283,0.02832808233416804,0.3492501626062828,0.013008840853737843,0.6814914180326299,0.014924275260950018,0.9026668696045276,0.004950508800707487
MACRO_TRACK,A_original_features,Hybrid,argmax,0.34001790742723365,0.02958723009024393,0.31791692059346743,0.03234452742701756,0.6444267108197143,0.025531465320333672,0.8733374699771501,0.008900967964536334
MACRO_TRACK,A_original_features,Hybrid,macroF1-tuned,0.4125366918900254,0.016903881052124776,0.3630608014556667,0.012268224155138152,0.6444267108197143,0.025531465320333672,0.8733374699771501,0.008900967964536334
MACRO_TRACK,B_all_pre_enrolment,Ensemble,argmax,0.3902986723904663,0.012594231333578293,0.36295198706322307,0.012442903592351284,0.6893879184254705,0.010659382634829458,0.899363049883446,0.006781585495848085
MACRO_TRACK,B_all_pre_enrolment,Ensemble,macroF1-tuned,0.41527570395693136,0.018222630274405058,0.3735784559541428,0.02052008982086984,0.6893879184254705,0.010659382634829458,0.899363049883446,0.006781585495848085
MACRO_TRACK,B_all_pre_enrolment,HGB,argmax,0.4021435365643507,0.005780841661255675,0.36445912172923267,0.011681940382670526,0.7023610348922228,0.006701205415430069,0.9094345984605064,0.004990824130257788
MACRO_TRACK,B_all_pre_enrolment,HGB,macroF1-tuned,0.40439877549285175,0.02037020634161131,0.3631862592957958,0.013895513757833008,0.7023610348922228,0.006701205415430069,0.9094345984605064,0.004990824130257788
MACRO_TRACK,B_all_pre_enrolment,Hybrid,argmax,0.348964286722639,0.023203795080856186,0.32911128051827926,0.021780745333611,0.6452321556122325,0.028231888450014248,0.8736584601235217,0.01933054446209898
MACRO_TRACK,B_all_pre_enrolment,Hybrid,macroF1-tuned,0.42204460111189607,0.016535659708302834,0.37142940405756275,0.00828087109226433,0.6452321556122325,0.028231888450014248,0.8736584601235217,0.01933054446209898
MACRO_TRACK,C_plus_UNIVERSITY_enrolment_time,Ensemble,argmax,0.6171144767497143,0.008465733723945244,0.6068388128050127,0.006896657774809359,0.8792200825403234,0.005791554207207208,0.9801788341219894,0.003921028313294574
MACRO_TRACK,C_plus_UNIVERSITY_enrolment_time,Ensemble,macroF1-tuned,0.6281525655683466,0.014080110350615125,0.6115985385784247,0.01711810413467196,0.8792200825403234,0.005791554207207208,0.9801788341219894,0.003921028313294574
MACRO_TRACK,C_plus_UNIVERSITY_enrolment_time,HGB,argmax,0.6160665125593764,0.006893713852364861,0.6061166398679312,0.007181366815175803,0.8813149075275126,0.008300121907173996,0.9796952557000822,0.002801508624628196
MACRO_TRACK,C_plus_UNIVERSITY_enrolment_time,HGB,macroF1-tuned,0.6204175500575551,0.012097913071145536,0.6041850114747983,0.015823329933999992,0.8813149075275126,0.008300121907173996,0.9796952557000822,0.002801508624628196
MACRO_TRACK,C_plus_UNIVERSITY_enrolment_time,Hybrid,argmax,0.603174917399639,0.0064404748455928786,0.5936402733004927,0.004937326131454966,0.8664084185028702,0.007026118829980302,0.972443688800199,0.0036782145626957814
MACRO_TRACK,C_plus_UNIVERSITY_enrolment_time,Hybrid,macroF1-tuned,0.6270243132754787,0.009373383742993308,0.6081812119002986,0.013893941241384584,0.8664084185028702,0.007026118829980302,0.972443688800199,0.0036782145626957814
