setting,model,fold,median_G_SC,threshold,accuracy,macro_f1,roc_auc,F1_below,F1_above,precision_below,precision_above,recall_below,recall_above
A_saber11_socioeconomic,HGB,1,163.0,0.48000000000000004,0.7982279500604108,0.7980581499828331,0.8853907461853489,0.7922024056408129,0.8039138943248533,0.8005029337803856,0.796124031007752,0.784072249589491,0.8118577075098814
A_saber11_socioeconomic,Hybrid,1,163.0,0.54,0.7946033024567056,0.7945856773013061,0.8837743465929373,0.7964884277733439,0.7926829268292683,0.7748447204968945,0.8158995815899581,0.819376026272578,0.7707509881422925
A_saber11_socioeconomic,Ensemble,1,163.0,0.51,0.7958115183246073,0.79577759878915,0.8862711501392161,0.7931456548347613,0.7984095427435388,0.7883211678832117,0.8032,0.7980295566502463,0.7936758893280632
A_saber11_socioeconomic,HGB,2,163.0,0.5900000000000001,0.7989524576954069,0.7988863483244317,0.8853826392249456,0.8025326474079937,0.7952400492408699,0.7740458015267175,0.8267918088737202,0.8331963845521775,0.7660079051383399
A_saber11_socioeconomic,Hybrid,2,163.0,0.56,0.8053988718775181,0.805379126480044,0.8898483603495928,0.8073394495412844,0.8034188034188035,0.7844961240310078,0.8280201342281879,0.8315529991783073,0.7802371541501977
A_saber11_socioeconomic,Ensemble,2,163.0,0.5700000000000001,0.7997582594681708,0.7997345604702907,0.8892416718360772,0.8019131127939418,0.7975560081466395,0.7786377708978328,0.8226890756302521,0.8266228430566968,0.7739130434782608
A_saber11_socioeconomic,HGB,3,163.0,0.52,0.8029814665592264,0.8028775027102968,0.8834535570811615,0.7983505154639176,0.8074044899566759,0.7993393889347646,0.8064516129032258,0.7973640856672158,0.8083596214511041
A_saber11_socioeconomic,Hybrid,3,163.0,0.43000000000000005,0.8017727639000806,0.8005031758893797,0.8859900139799084,0.7845884413309983,0.8164179104477612,0.8373831775700935,0.7747875354107648,0.7380560131795717,0.862776025236593
A_saber11_socioeconomic,Ensemble,3,163.0,0.54,0.8025785656728445,0.8025630535858075,0.8863853101824664,0.8008130081300813,0.8043130990415336,0.790529695024077,0.8147249190938511,0.8113673805601318,0.7941640378548895
A_saber11_socioeconomic,HGB,4,163.0,0.5,0.8199033037872683,0.8198927493557997,0.9004720901841606,0.8212714914034386,0.8185140073081608,0.822257806244996,0.8175182481751825,0.8202875399361023,0.8195121951219512
A_saber11_socioeconomic,Hybrid,4,163.0,0.4600000000000001,0.8166800966962128,0.8164648415375733,0.9041624457778124,0.8101793909052983,0.8227502921698481,0.8480349344978166,0.7898279730740464,0.7755591054313099,0.8585365853658536
A_saber11_socioeconomic,Ensemble,4,163.0,0.53,0.8271555197421434,0.827070603522746,0.9036124314917271,0.8309026409144659,0.823238566131026,0.8202334630350194,0.8345864661654135,0.84185303514377,0.8121951219512196
A_saber11_socioeconomic,HGB,5,163.0,0.55,0.8045930701047542,0.8044419332561457,0.8848942336892801,0.7990053874844592,0.8098784790278323,0.7901639344262295,0.8185419968304279,0.8080469404861693,0.8013964313421257
A_saber11_socioeconomic,Hybrid,5,163.0,0.5,0.7973408541498791,0.797124783648639,0.8898774009495526,0.7905039566847147,0.8037456106125634,0.7855960264900662,0.8084772370486656,0.7954735959765298,0.7990690457719162
A_saber11_socioeconomic,Ensemble,5,163.0,0.55,0.798549556809025,0.7985364754500217,0.8888362877062148,0.7969130787977254,0.8001598721023181,0.7730496453900709,0.8252267106347898,0.8222967309304275,0.7765709852598914
B_all_pre_enrolment,HGB,1,163.0,0.49000000000000005,0.7893677003624647,0.7892680303512949,0.8839359541008718,0.7846850555784274,0.7938510051241624,0.786952931461602,0.7916666666666666,0.7824302134646962,0.7960474308300395
B_all_pre_enrolment,Hybrid,1,163.0,0.48000000000000004,0.801449859041482,0.8013816908920129,0.8875717985163263,0.7977020927369717,0.8050612890470542,0.7973748974569319,0.805379746835443,0.7980295566502463,0.8047430830039526
B_all_pre_enrolment,Ensemble,1,163.0,0.53,0.7966169955698752,0.7966136966766144,0.8871875750436471,0.7974328118732451,0.7957945814799838,0.779607843137255,0.8145695364238411,0.8160919540229885,0.7778656126482213
B_all_pre_enrolment,HGB,2,163.0,0.48000000000000004,0.8001611603545528,0.7995593494314721,0.8841491258553886,0.7885763000852515,0.8105423987776929,0.8193091231178034,0.7841832963784183,0.7600657354149548,0.8387351778656127
B_all_pre_enrolment,Hybrid,2,163.0,0.48000000000000004,0.7989524576954069,0.798205562732718,0.88824070074472,0.7859287859287859,0.8104823395366502,0.822262118491921,0.7799707602339181,0.752670501232539,0.8434782608695652
B_all_pre_enrolment,Ensemble,2,163.0,0.5,0.797743755036261,0.797345705036121,0.8878568111178594,0.7883642495784149,0.8063271604938271,0.8095238095238095,0.787490580256217,0.7682826622843056,0.8260869565217391
B_all_pre_enrolment,HGB,3,163.0,0.54,0.8001611603545528,0.800127936616174,0.8823108684693299,0.7975510204081633,0.8027048528241846,0.790453074433657,0.8097913322632424,0.8047775947281713,0.7957413249211357
B_all_pre_enrolment,Hybrid,3,163.0,0.49000000000000005,0.8074133763094279,0.8071367448006076,0.8868329011168335,0.7998324958123953,0.8144409937888198,0.813458262350937,0.8019877675840978,0.78665568369028,0.8272870662460567
B_all_pre_enrolment,Ensemble,3,163.0,0.43000000000000005,0.8021756647864625,0.8008168610262427,0.8858051959525828,0.7843653930610452,0.8172683289914403,0.8400752587017873,0.773784355179704,0.7355848434925865,0.8659305993690851
B_all_pre_enrolment,HGB,4,163.0,0.4700000000000001,0.8170829975825947,0.8170445076723145,0.8999519468038131,0.8143908421913328,0.8196981731532963,0.8341708542713567,0.8012422360248447,0.7955271565495208,0.8390243902439024
B_all_pre_enrolment,Hybrid,4,163.0,0.55,0.8239323126510878,0.8236166431328189,0.9037046416790047,0.8310784692694241,0.8161548169962137,0.8052434456928839,0.8456843940714909,0.8586261980830671,0.7886178861788617
B_all_pre_enrolment,Ensemble,4,163.0,0.5,0.8235294117647058,0.8235237969081162,0.9031234577521494,0.8245192307692307,0.8225283630470016,0.8271704180064309,0.8198707592891761,0.8218849840255591,0.8252032520325203
B_all_pre_enrolment,HGB,5,163.0,0.54,0.7993553585817889,0.7991252778198512,0.8857376589713591,0.79232693911593,0.8059236165237724,0.7883817427385892,0.8097102584181676,0.7963118189438391,0.8021722265321956
B_all_pre_enrolment,Hybrid,5,163.0,0.5900000000000001,0.8001611603545528,0.8001610305958132,0.8892576752025814,0.8003220611916264,0.8,0.7699457784663052,0.832913518052057,0.8331936295054484,0.769588828549263
B_all_pre_enrolment,Ensemble,5,163.0,0.5700000000000001,0.7989524576954069,0.7989351918367413,0.8891464757243737,0.7970719804798698,0.8007984031936127,0.7740916271721959,0.8248355263157895,0.8214585079631181,0.7781225756400311
C_at_enrolment,HGB,1,163.0,0.5800000000000001,0.7982279500604108,0.7981324726692136,0.8908532746613707,0.8025226645644462,0.793742280773981,0.7717968157695224,0.8281786941580757,0.8357963875205254,0.7620553359683795
C_at_enrolment,Hybrid,1,163.0,0.54,0.7982279500604108,0.7980485771240133,0.8926101884122873,0.8040672663277278,0.7920298879202988,0.7677371172516804,0.833916083916084,0.8440065681444991,0.7541501976284585
C_at_enrolment,Ensemble,1,163.0,0.53,0.8022553362867499,0.8022471250356649,0.8930612615770036,0.8035214085634254,0.8009728415079044,0.7837626854020296,0.8219633943427621,0.8243021346469622,0.7810276679841898
C_at_enrolment,HGB,2,163.0,0.48000000000000004,0.8162771958098308,0.8158467302882366,0.894850617568634,0.8069432684165961,0.824750192159877,0.8323144104803494,0.8025430067314884,0.7830731306491372,0.8482213438735178
C_at_enrolment,Hybrid,2,163.0,0.4700000000000001,0.8130539887187752,0.8126304828842901,0.8964940029425041,0.8037225042301185,0.8215384615384616,0.8282476024411508,0.8,0.780608052588332,0.8442687747035573
C_at_enrolment,Ensemble,2,163.0,0.44000000000000006,0.8118452860596294,0.811030274277339,0.897119528679673,0.7986200948684777,0.8234404536862003,0.8402903811252269,0.7891304347826087,0.7608874281018899,0.8608695652173913
C_at_enrolment,HGB,3,163.0,0.41000000000000003,0.8053988718775181,0.8039822407621697,0.8907020616467187,0.7873183619550859,0.8206461195692536,0.8457899716177862,0.775438596491228,0.7364085667215815,0.8714511041009464
C_at_enrolment,Hybrid,3,163.0,0.52,0.8078162771958098,0.8074584375190583,0.891409502180138,0.7991578947368421,0.8157589803012746,0.8173987941429802,0.7993943981831946,0.7817133443163097,0.832807570977918
C_at_enrolment,Ensemble,3,163.0,0.5900000000000001,0.8045930701047542,0.8045496354495203,0.8925365998160266,0.8074632790789996,0.8016359918200409,0.7793103448275862,0.832625318606627,0.8377265238879736,0.7728706624605678
C_at_enrolment,HGB,4,163.0,0.51,0.8199033037872683,0.8198492321556878,0.9019766747188238,0.8229702970297029,0.8167281672816729,0.8161822466614297,0.8238213399503722,0.8298722044728435,0.8097560975609757
C_at_enrolment,Hybrid,4,163.0,0.49000000000000005,0.8255439161966156,0.8255336923289962,0.903559832722928,0.8241981323589119,0.8268692522990804,0.838150289017341,0.8135326514555468,0.810702875399361,0.8406504065040651
C_at_enrolment,Ensemble,4,163.0,0.5,0.8267526188557615,0.8267498065005429,0.9043169952466297,0.8274478330658106,0.8260517799352751,0.8314516129032258,0.822061191626409,0.8234824281150159,0.8300813008130081
C_at_enrolment,HGB,5,163.0,0.54,0.806607574536664,0.8064623032311515,0.8895587591698926,0.8011599005799502,0.8117647058823529,0.7919737919737919,0.8207771609833465,0.8105616093880972,0.8029480217222653
C_at_enrolment,Hybrid,5,163.0,0.48000000000000004,0.8074133763094279,0.806915771766642,0.8956591235270133,0.7971137521222411,0.816717791411043,0.8073946689595872,0.8074298711144806,0.7870913663034367,0.8262218774243599
C_at_enrolment,Ensemble,5,163.0,0.4700000000000001,0.8053988718775181,0.8045350319634494,0.8943650477279865,0.7915407854984894,0.8175292784284095,0.8158362989323843,0.7967599410898379,0.768650461022632,0.839410395655547
