setting,model,accuracy_mean,accuracy_std,macro_f1_mean,macro_f1_std,roc_auc_mean,roc_auc_std,F1_below_mean,F1_below_std,F1_above_mean,F1_above_std,precision_below_mean,precision_below_std,precision_above_mean,precision_above_std,recall_below_mean,recall_below_std,recall_above_mean,recall_above_std
A_saber11_socioeconomic,Ensemble,0.8047706840033582,0.012747349987112043,0.8047364583636032,0.01272062954275856,0.8908693702711403,0.007252910785391745,0.8047374990941952,0.015029852295399689,0.8047354176330112,0.010665846050900018,0.7901543484460424,0.01825826522114901,0.8200854343048614,0.01180407356025849,0.8200339092682544,0.01646138601622918,0.7901038155744649,0.015512491182056342
A_saber11_socioeconomic,HGB,0.8049316496414134,0.008785764087706144,0.8048313367259015,0.008832244881412312,0.8879186532729794,0.0070621288858065895,0.8026724894801245,0.011041876882964359,0.8069901839716784,0.008497670655161613,0.7972619729826187,0.01752843356399288,0.8130855395580617,0.01192670748118258,0.8085934400462312,0.019168611670849718,0.8014267721126804,0.020847352331546252
A_saber11_socioeconomic,Hybrid,0.8031591778160792,0.008614080244696329,0.8028115209713885,0.008636227518588514,0.8907305135299607,0.007949581650299957,0.7978199332471279,0.010882855579923849,0.807803108695649,0.011852620239495673,0.8060709966171757,0.033916089867620416,0.8034024922703246,0.021160351480294087,0.7920035480076593,0.03710191737917246,0.8142739597333707,0.04357629224980013
B_all_pre_enrolment,Ensemble,0.8038036569705422,0.01122118987339252,0.8034470502967672,0.011338779173108373,0.8906239031181225,0.007090605497300514,0.7983507331523612,0.015673127057471908,0.8085433674411732,0.011170638344140789,0.8060937913082957,0.028880673918985907,0.8041101514929455,0.02226657092432248,0.7926605903577115,0.039001084293387174,0.8146417992423194,0.037280083561975375
B_all_pre_enrolment,HGB,0.8012256754471908,0.009972846990176254,0.8010250203782213,0.010017643935167794,0.8872171108401525,0.007221747719027885,0.795506031475821,0.01157626213684976,0.8065440092806216,0.00955582950016787,0.8038535452046016,0.021578891022249733,0.799318757950268,0.01128045389849199,0.7878225038202364,0.017452938436162607,0.8143441100785772,0.022544551742245726
B_all_pre_enrolment,Hybrid,0.8063818332103916,0.010335620086481048,0.8061003344307942,0.01034122289739381,0.8911215434518931,0.007090500030552359,0.8029727809878408,0.016771220456585956,0.8092278878737476,0.006694156588343473,0.8016569004917958,0.02000400751817412,0.8131872373554014,0.02614818697583508,0.8058351138323161,0.04120267058270344,0.8067430249695399,0.02951478411019349
C_at_enrolment,Ensemble,0.8101690366368827,0.009928463365095338,0.8098223746453034,0.010014229234510232,0.8962798866094639,0.004830591710939495,0.8057186802150405,0.013522484276523425,0.8139260690755661,0.01193075437031504,0.8101302646380905,0.027576747621974672,0.8125080560896489,0.01857341093649845,0.8030097951548948,0.03547041486736525,0.8168519184261408,0.03820727181546647
C_at_enrolment,HGB,0.8092829792143383,0.00874883005616313,0.8088545958212918,0.008862826934403921,0.893588277553088,0.0050991717661146635,0.8041828985091563,0.012814966558778715,0.8135262931334275,0.012056431588319375,0.8116114473005759,0.029952123490703895,0.8101517596629021,0.021723396168094534,0.7991423797504369,0.04065706974935654,0.8188863806452169,0.042399148614680304
C_at_enrolment,Hybrid,0.8104111016962079,0.010001694631174306,0.8101173923246,0.010086558446612444,0.8959465299569741,0.004745010644944157,0.8056519099551682,0.010785041031015985,0.8145828746940318,0.01335958054364337,0.811785694362548,0.02718984832445049,0.8108546009338612,0.014141175117291101,0.8008244413503878,0.02704077147749459,0.8196197654476718,0.037261347024196756
